<?xml version="1.0" encoding="UTF-8"?>
<beans xmlns="http://www.springframework.org/schema/beans"
    xmlns:context="http://www.springframework.org/schema/context"
    xmlns:mvc="http://www.springframework.org/schema/mvc"
    xmlns:xsi="http://www.w3.org/2001/XMLSchema-instance"
    xsi:schemaLocation="http://www.springframework.org/schema/beans http://www.springframework.org/schema/beans/spring-beans.xsd
 					http://www.springframework.org/schema/context http://www.springframework.org/schema/context/spring-context.xsd
 					http://www.springframework.org/schema/mvc http://www.springframework.org/schema/mvc/spring-mvc.xsd">

    <context:component-scan base-package="com.springmvc.controller,com.springmvc.dao,com.springmvc.service,com.springmvc.validator"/>
	
	
    <context:annotation-config />  <!-- this will activates annotation used in component classes -->
    <mvc:annotation-driven validator="validator"/>
    
    <context:property-placeholder location="classpath:jdbc.properties"/>
	
    <bean id="dataSource" class="org.springframework.jdbc.datasource.DriverManagerDataSource">
		<property name="driverClassName" value="${jdbc.driver}"/>
		<property name="url" value="${jdbc.url}"/>
		<property name="username" value="${jdbc.username}"/>
		<property name="password" value="${jdbc.password}"/>
	</bean>
    
    <bean id="jdbcTemplate" class="org.springframework.jdbc.core.JdbcTemplate">
     	<property name="dataSource" ref="dataSource"/>	
    </bean>
    
	<bean id="viewResolver" class="org.springframework.web.servlet.view.InternalResourceViewResolver">
	    <property name="viewClass" value="org.springframework.web.servlet.view.JstlView"/>
	    <property name="prefix" value="/WEB-INF/views/"/>
	    <property name="suffix" value=".jsp"/>
	</bean>
    	
	<bean id="messageSource" class="org.springframework.context.support.ReloadableResourceBundleMessageSource">    
       <property name="basename" value="classpath:MessageResources" /> 
    </bean>
  
  	<bean id="validator" class="org.springframework.validation.beanvalidation.LocalValidatorFactoryBean">    
	    <property name="validationMessageSource" ref="messageSource"/> 
    </bean>
  
</beans>
